에픽,스토리ID,제목,설명,수용조건,우선순위,스토리포인트,의존성,단계,깃허브라벨
사용자관리,USER-001,관리자 인증 시스템,블로그 운영자로서 안전하게 로그인하여 내 블로그를 관리하고 싶습니다,JWT 토큰 24시간 만료; 리프레시 토큰 30일; BCrypt 비밀번호 암호화; 관리자/방문자 역할 구분,필수,5,,1단계,"인증,보안,백엔드"
사용자관리,USER-002,블로그 프로필 관리,블로그 운영자로서 내 프로필과 소개 페이지를 관리하여 방문자에게 정보를 제공하고 싶습니다,프로필 이미지 업로드; 자기소개 텍스트; 소셜 링크 관리; SEO 메타데이터 설정,필수,3,USER-001,1단계,"프로필,프론트엔드,SEO"
사용자관리,USER-003,비밀번호 재설정,블로그 운영자로서 비밀번호를 잊었을 때 안전하게 재설정하고 싶습니다,이메일 기반 재설정; 보안 토큰 생성; 토큰 1시간 만료; 비밀번호 강도 검증,권장,3,USER-001,1단계,"인증,보안,이메일"
사용자관리,USER-004,세션 관리,블로그 운영자로서 로그인 세션이 안전하게 관리되어 무단 접근을 방지하고 싶습니다,세션 타임아웃 처리; 보안 쿠키 설정; 다중 기기 세션 추적; 강제 로그아웃,필수,2,USER-001,1단계,"인증,보안,세션"
사용자관리,USER-005,사용자 활동 로깅,블로그 운영자로서 내 로그인 기록을 확인하여 계정 보안을 모니터링하고 싶습니다,로그인 시간 기록; IP 주소 로깅; 기기/브라우저 감지; 실패한 로그인 시도 추적,선택,2,USER-001,2단계,"보안,로깅,분석"
콘텐츠관리,CONTENT-001,마크다운 포스트 에디터,블로그 운영자로서 마크다운으로 글을 작성하고 실시간 미리보기를 보고 싶습니다,마크다운 에디터; 실시간 미리보기; 문법 하이라이팅; 이미지 드래그앤드롭; 5분마다 자동저장,필수,8,,1단계,"에디터,마크다운,프론트엔드"
콘텐츠관리,CONTENT-002,이미지 업로드 관리,블로그 운영자로서 포스트용 이미지를 업로드하고 관리하여 시각적인 콘텐츠를 만들고 싶습니다,이미지 드래그앤드롭 업로드; 이미지 압축 최적화; alt 텍스트 편집; 이미지 갤러리 관리,필수,5,CONTENT-001,1단계,"미디어,업로드,최적화"
콘텐츠관리,CONTENT-003,카테고리 관리,블로그 운영자로서 포스트를 카테고리로 분류하여 독자가 관련 콘텐츠를 찾을 수 있도록 하고 싶습니다,계층형 카테고리 최대 3단계; 카테고리 CRUD; 카테고리 설명과 메타데이터; 카테고리별 포스트 수,필수,3,,1단계,"카테고리,분류,백엔드"
콘텐츠관리,CONTENT-004,태그 관리,블로그 운영자로서 포스트에 태그를 추가하여 콘텐츠를 쉽게 발견할 수 있도록 하고 싶습니다,태그 생성 및 편집; 자동완성 제안; 태그 인기도 통계; 태그 일괄 작업; 태그 병합,필수,3,CONTENT-003,1단계,"태그,분류,검색"
콘텐츠관리,CONTENT-005,초안 및 게시,블로그 운영자로서 초안을 저장하고 게시 시점을 제어하여 시간을 두고 콘텐츠 작업을 하고 싶습니다,초안 자동저장; 예약 게시; 게시/비게시 토글; 버전 기록; 게시 모습 미리보기,필수,5,CONTENT-001,1단계,"게시,워크플로우,버전관리"
콘텐츠관리,CONTENT-006,SEO 최적화,블로그 운영자로서 포스트를 검색엔진에 최적화하여 온라인에서 발견될 수 있도록 하고 싶습니다,메타 제목 및 설명 편집; URL 슬러그 커스터마이징; Open Graph 태그; 트위터 카드; SEO 미리보기,권장,3,CONTENT-005,1단계,"SEO,메타데이터,소셜"
검색발견,SEARCH-001,전문 검색,독자로서 블로그 콘텐츠를 키워드로 검색하여 관련 포스트를 빠르게 찾고 싶습니다,Elasticsearch 통합; 제목/본문/태그 검색; 검색 결과 하이라이팅; 100ms 이내 응답; 자동완성 제안,필수,8,,1단계,"검색,Elasticsearch,성능"
검색발견,SEARCH-002,고급 검색 필터,독자로서 검색 결과를 카테고리/태그/날짜로 필터링하여 결과를 좁히고 싶습니다,카테고리/태그 필터; 날짜 범위 필터; 관련도/날짜/인기도 정렬; 복합 필터; 필터별 결과 수,권장,5,SEARCH-001,2단계,"검색,필터링,UI"
검색발견,SEARCH-003,관련 포스트 추천,독자로서 글을 읽은 후 관련된 다른 포스트를 발견하고 싶습니다,콘텐츠 유사도 알고리즘; 태그 기반 추천; 카테고리 기반 제안; 독서 이력 고려; 최대 5개 추천,권장,5,SEARCH-001,2단계,"추천,알고리즘,콘텐츠발견"
검색발견,SEARCH-004,인기 콘텐츠,독자로서 인기있고 트렌딩한 포스트를 보고 양질의 콘텐츠를 발견하고 싶습니다,가장 많이 본 포스트; 가장 많은 댓글; 최근 인기 콘텐츠; 트렌딩 주제; 소셜 공유 통계,권장,3,SEARCH-001,2단계,"분석,트렌딩,대시보드"
검색발견,SEARCH-005,블로그 아카이브,독자로서 날짜별로 포스트를 탐색하여 시간순으로 콘텐츠를 살펴보고 싶습니다,월별 아카이브 페이지; 연도별 아카이브; 달력 위젯; 월별 포스트 수; 아카이브 네비게이션,필수,3,,1단계,"아카이브,네비게이션,연대기"
AI챗봇,AI-001,기본 RAG 시스템,독자로서 블로그 콘텐츠에 대해 질문하고 관련 답변을 얻어 주제를 더 잘 이해하고 싶습니다,RAG 파이프라인과 블로그 콘텐츠 인덱싱; 벡터 데이터베이스 통합; 기본 Q&A; 3초 이내 응답; 관련도 점수,필수,13,,2단계,"AI,RAG,백엔드,Qdrant"
AI챗봇,AI-002,블로그 콘텐츠 분석기,독자로서 챗봇이 블로그 포스트를 분석하고 설명하여 복잡한 주제를 더 잘 이해하고 싶습니다,포스트 요약; 핵심 개념 추출; 기술 용어 설명; 코드 스니펫 분석; 난이도 평가,필수,8,AI-001,2단계,"AI,분석,콘텐츠이해"
AI챗봇,AI-003,학습 경로 어드바이저,독자로서 블로그 콘텐츠 기반 개인화된 학습 경로를 받아 체계적으로 새로운 주제를 학습하고 싶습니다,주제 선수조건 매핑; 점진적 학습 순서; 스킬 레벨 평가; 맞춤형 읽기 추천; 학습 진도 추적,권장,13,AI-002,2단계,"AI,교육,개인화"
AI챗봇,AI-004,기술 개념 설명기,독자로서 복잡한 기술 용어를 쉬운 언어로 설명받아 고급 개념을 이해하고 싶습니다,기술 어휘 데이터베이스; 맥락 인식 설명; 다중 설명 레벨; 대화형 개념 탐색,필수,8,AI-002,2단계,"AI,설명,교육"
AI챗봇,AI-005,대화형 인터페이스,독자로서 챗봇과 자연스러운 대화를 나누어 직관적인 상호작용을 하고 싶습니다,자연어 처리; 메시지 간 맥락 유지; 대화 기록; 다중 턴 대화; 친근한 성격,필수,5,AI-001,2단계,"AI,NLP,대화,UI"
AI챗봇,AI-006,콘텐츠 추천 엔진,독자로서 챗봇이 내 관심사에 맞는 포스트를 추천하여 새로운 콘텐츠를 발견하고 싶습니다,채팅 기록 기반 관심사 프로파일링; 콘텐츠 유사도 매칭; 개인화 추천; 추천 이유 설명,권장,8,AI-003,2단계,"AI,추천,개인화"
블로그관리,ADMIN-001,관리자 대시보드,블로그 운영자로서 종합적인 대시보드를 통해 블로그를 효율적으로 관리하고 싶습니다,포스트 관리 인터페이스; 댓글 조정; 사용자 분석 개요; 빠른 액션 버튼; 시스템 상태 지표,필수,8,USER-001,1단계,"관리자,대시보드,관리"
블로그관리,ADMIN-002,댓글 시스템,블로그 운영자로서 독자들이 포스트에 댓글을 달고 이를 조정하여 커뮤니티 참여를 유도하고 싶습니다,계층형 댓글; 익명/등록 댓글; 스팸 감지; 이메일 알림; 댓글 승인 워크플로우,필수,8,CONTENT-005,1단계,"댓글,조정,커뮤니티"
블로그관리,ADMIN-003,블로그 분석 대시보드,블로그 운영자로서 상세한 블로그 통계를 보고 독자와 콘텐츠 성과를 이해하고 싶습니다,페이지뷰 분석; 인기 포스트 추적; 독자 참여 지표; 트래픽 소스 분석; 시간 기반 트렌드,권장,8,ADMIN-001,2단계,"분석,지표,인사이트"
블로그관리,ADMIN-004,이메일 알림 시스템,블로그 운영자로서 중요한 블로그 활동에 대한 알림을 받아 정보를 놓치지 않고 싶습니다,새 댓글 알림; 시스템 경고 이메일; 주간/월간 보고서; 알림 설정 커스터마이징,권장,5,ADMIN-002,2단계,"알림,이메일,자동화"
블로그관리,ADMIN-005,백업 및 복구,블로그 운영자로서 블로그 데이터의 자동 백업을 통해 데이터 손실로부터 복구하고 싶습니다,일일 자동 백업; 데이터베이스 및 미디어 백업; 특정 시점 복구; 백업 무결성 검증,필수,8,,2단계,"백업,복구,데이터보호"