분류,요구사항ID,제목,설명,기술,구현세부사항,우선순위,의존성
아키텍처,ARCH-001,헥사고날 아키텍처,관심사의 명확한 분리를 위한 헥사고날 아키텍처 구현,Spring Boot + Kotlin,도메인 코어 격리를 위한 포트-어댑터 패턴,필수,
아키텍처,ARCH-002,모듈형 모놀리스 설계,마이크로서비스로 진화할 수 있는 모듈형 모놀리스로 시스템 설계,Spring Boot 모듈,명확한 인터페이스를 가진 서비스 경계,필수,
아키텍처,ARCH-003,이벤트 기반 아키텍처,모듈 간 이벤트 기반 통신 구현,Apache Kafka,도메인 이벤트와 통합 이벤트,권장,ARCH-002
아키텍처,ARCH-004,CQRS 패턴,최적 성능을 위한 읽기와 쓰기 모델 분리,PostgreSQL + Elasticsearch,명령 쿼리는 PostgreSQL 읽기 쿼리는 Elasticsearch 사용,권장,
아키텍처,ARCH-005,도메인 주도 설계,복잡한 도메인 모델링을 위한 DDD 원칙 적용,Spring Boot + Kotlin,경계 컨텍스트 집합체 도메인 서비스,필수,ARCH-001
백엔드,BACK-001,Spring Boot 프레임워크,주요 백엔드 프레임워크로 Spring Boot 사용,Spring Boot 3.5.5,RESTful API 의존성 주입 보안 통합,필수,
백엔드,BACK-002,Kotlin 프로그래밍 언어,코루틴을 사용한 백엔드 개발에 Kotlin 사용,Kotlin 1.9.25,코루틴 기반 비동기 처리 null 안전성,필수,BACK-001
백엔드,BACK-003,PostgreSQL 데이터베이스,주요 트랜잭션 데이터베이스로 PostgreSQL 사용,PostgreSQL 15+,ACID 트랜잭션 복잡한 쿼리 JSON 지원,필수,
백엔드,BACK-004,Redis 캐시 레이어,세션 관리 및 캐싱을 위한 Redis 구현,Redis 7+,세션 저장 애플리케이션 캐시 분산 락,필수,BACK-003
백엔드,BACK-005,Elasticsearch 검색 엔진,전문 검색 기능을 위한 Elasticsearch 사용,Elasticsearch 8+,전문 검색 분석 CQRS용 읽기 모델,필수,BACK-003
백엔드,BACK-006,Apache Kafka 메시지 브로커,이벤트 스트리밍을 위한 Kafka 구현,Apache Kafka 3.5+,이벤트 소싱 비동기 통신 마이크로서비스 준비,권장,ARCH-003
프론트엔드,FRONT-001,React 프레임워크,프론트엔드 사용자 인터페이스에 React 사용,React 18,컴포넌트 기반 아키텍처 hooks 상태 관리,필수,
프론트엔드,FRONT-002,Next.js 프레임워크,SSR/SSG 및 SEO 최적화를 위한 Next.js 사용,Next.js 14,서버사이드 렌더링 정적 생성 API 라우트,필수,FRONT-001
프론트엔드,FRONT-003,TypeScript 언어,타입 안전한 프론트엔드 개발을 위한 TypeScript 사용,TypeScript 5+,타입 안전성 향상된 IDE 지원 런타임 오류 감소,필수,FRONT-001
프론트엔드,FRONT-004,Tailwind CSS 프레임워크,유틸리티 우선 스타일링을 위한 Tailwind CSS 사용,Tailwind CSS 3+,유틸리티 클래스 반응형 디자인 컴포넌트 스타일링,필수,FRONT-001
프론트엔드,FRONT-005,상태 관리,클라이언트 사이드 상태 관리 구현,React Context/Zustand,글로벌 상태 로컬 상태 비동기 상태 관리,권장,FRONT-001
AI,AI-001,벡터 데이터베이스,AI 임베딩 저장 및 검색을 위한 Qdrant 사용,Qdrant 1.5+,벡터 유사도 검색 임베딩 저장 RAG 구현,필수,
AI,AI-002,LLM 통합,언어 모델 기능을 위한 OpenAI API 통합,OpenAI API,GPT 모델 임베딩 RAG 파이프라인 콘텐츠 분석,필수,
AI,AI-003,RAG 시스템,블로그 콘텐츠를 위한 검색 증강 생성 구현,커스텀 구현,문서 인덱싱 벡터 검색 컨텍스트 주입,필수,AI-001
AI,AI-004,MCP 프로토콜,모듈러 AI 서버 통신을 위한 MCP 구현,MCP 프로토콜,다중 AI 서버 로드 밸런싱 상태 모니터링,권장,AI-003
AI,AI-005,콘텐츠 임베딩,모든 블로그 콘텐츠에 대한 임베딩 생성,OpenAI 임베딩,배치 처리 증분 업데이트 벡터 저장,필수,AI-001
API,API-001,RESTful API 설계,모범 사례를 따르는 RESTful API 설계,Spring Web,리소스 기반 URL HTTP 메소드 적절한 상태 코드,필수,BACK-001
API,API-002,OpenAPI 문서,포괄적인 API 문서 생성,SpringDoc OpenAPI,자동 문서 생성 API 테스트 인터페이스,필수,API-001
API,API-003,API 버전 관리,API 버전 관리 전략 구현,헤더 기반 버전 관리,하위 호환성 폐기 전략,권장,API-001
API,API-004,속도 제한,API 엔드포인트에 대한 속도 제한 구현,Spring Security,요청 스로틀링 사용자 기반 제한 남용 방지,권장,API-001
API,API-005,API 인증,JWT 인증으로 API 보안,Spring Security + JWT,Bearer 토큰 역할 기반 접근 CORS 설정,필수,API-001
데이터베이스,DB-001,데이터베이스 마이그레이션,데이터베이스 스키마 버전 제어 구현,Flyway,마이그레이션 스크립트 롤백 기능 환경 일관성,필수,BACK-003
데이터베이스,DB-002,연결 풀링,데이터베이스 연결 풀링 설정,HikariCP,연결 풀 크기 조정 성능 최적화 자원 관리,필수,BACK-003
데이터베이스,DB-003,데이터베이스 인덱싱,적절한 데이터베이스 인덱싱 구현,PostgreSQL 인덱스,쿼리 최적화 성능 모니터링 인덱스 유지보수,필수,BACK-003
보안,SEC-TECH-001,JWT 인증 구현,JWT 기반 인증 시스템 구현,Spring Security + JWT,토큰 생성 검증 리프레시 토큰 처리,필수,API-005
보안,SEC-TECH-002,비밀번호 암호화,안전한 비밀번호 해싱 구현,BCrypt,솔트 생성 해시 검증 비밀번호 정책,필수,SEC-TECH-001
보안,SEC-TECH-003,HTTPS 강제,모든 통신에 HTTPS 강제,SSL/TLS 인증서,인증서 관리 HTTP에서 HTTPS로 리다이렉트,필수,
보안,SEC-TECH-004,입력 검증,포괄적인 입력 검증 구현,Bean Validation,서버 측 검증 무해화 XSS 방지,필수,API-001
인프라,INFRA-001,컨테이너화,애플리케이션 컴포넌트 컨테이너화,Docker,멀티 스테이지 빌드 이미지 최적화 컨테이너 오케스트레이션,권장,
인프라,INFRA-002,Kubernetes 배포,K3s Kubernetes 클러스터에 배포,K3s,포드 관리 서비스 디스커버리 로드 밸런싱,권장,INFRA-001
인프라,INFRA-003,CI/CD 파이프라인,지속적 통합 및 배포 구현,GitHub Actions,자동화된 테스트 빌드 배포,필수,
인프라,INFRA-004,모니터링 스택,포괄적인 모니터링 구현,LGTM 스택,로그 지표 추적 알림 관찰가능성,권장,INFRA-002
테스트,TEST-001,단위 테스트,포괄적인 단위 테스트 구현,JUnit 5 + MockK,테스트 커버리지 모킹 어설션,필수,BACK-002
테스트,TEST-002,통합 테스트,통합 테스트 구현,Spring Boot Test,데이터베이스 테스트 API 테스트 엔드투엔드 시나리오,필수,TEST-001
테스트,TEST-003,성능 테스트,성능 테스트 구현,JMeter/Gatling,부하 테스트 스트레스 테스트 성능 벤치마킹,권장,TEST-002