분류,요구사항ID,제목,설명,측정기준,목표값,우선순위,단계
성능,PERF-001,응답 시간,모든 API 엔드포인트가 허용 가능한 시간 내에 응답해야 함,평균 응답 시간,200ms 이하,필수,1단계
성능,PERF-002,페이지 로드 속도,블로그 페이지가 사용자 경험을 위해 빠르게 로드되어야 함,페이지 로드 시간,3초 이하,필수,1단계
성능,PERF-003,검색 성능,검색 쿼리가 빠르게 결과를 반환해야 함,검색 응답 시간,100ms 이하,필수,1단계
성능,PERF-004,AI 챗봇 응답 시간,AI 챗봇이 합리적인 시간 내에 응답해야 함,AI 응답 시간,3초 이하,필수,2단계
성능,PERF-005,데이터베이스 쿼리 성능,데이터베이스 쿼리가 성능을 위해 최적화되어야 함,쿼리 실행 시간,50ms 이하 (95퍼센타일),권장,2단계
성능,PERF-006,동시 사용자 지원,시스템이 여러 동시 사용자를 처리할 수 있어야 함,동시 사용자 수,1000명 이상,권장,3단계
확장성,SCALE-001,수평적 확장성,시스템이 증가한 부하를 처리하기 위해 수평적으로 확장되어야 함,자동 확장 기능,10배 부하까지 확장,권장,3단계
확장성,SCALE-002,데이터베이스 확장성,데이터베이스가 증가하는 데이터 볼륨을 처리할 수 있어야 함,데이터 볼륨 지원,100GB 이상 데이터,권장,3단계
확장성,SCALE-003,CDN 통합,정적 자산이 글로벌 성능을 위해 CDN을 통해 서빙되어야 함,CDN 커버리지,글로벌 배포,권장,2단계
가용성,AVAIL-001,시스템 가동시간,시스템이 높은 가용성을 유지해야 함,가동시간 비율,99.9%,필수,2단계
가용성,AVAIL-002,장애 복구,시스템이 장애로부터 빠르게 복구되어야 함,복구 시간 목표 (RTO),1시간 이내,권장,3단계
가용성,AVAIL-003,데이터 백업,데이터가 복구를 위해 정기적으로 백업되어야 함,백업 주기,일일 자동 백업,필수,2단계
가용성,AVAIL-004,상태 모니터링,시스템 상태가 지속적으로 모니터링되어야 함,모니터링 커버리지,모든 핵심 컴포넌트 100%,필수,3단계
보안,SEC-001,인증 보안,사용자 인증이 안전하고 견고해야 함,인증 방법,BCrypt를 사용한 JWT,필수,1단계
보안,SEC-002,데이터 암호화,민감한 데이터가 저장 시와 전송 시에 암호화되어야 함,암호화 표준,AES-256,필수,1단계
보안,SEC-003,입력 검증,모든 사용자 입력이 검증되고 무해화되어야 함,검증 커버리지,사용자 입력 100%,필수,1단계
보안,SEC-004,API 보안,API가 일반적인 공격으로부터 보호되어야 함,보안 준수,OWASP Top 10,필수,1단계
보안,SEC-005,개인정보 보호 준수,시스템이 개인정보 보호 규정을 준수해야 함,준수 표준,GDPR 준수,필수,2단계
보안,SEC-006,감사 로깅,보안 이벤트가 감사를 위해 로그되어야 함,로그 보존,90일,권장,2단계
사용성,USE-001,사용자 인터페이스 설계,UI가 직관적이고 사용자 친화적이어야 함,사용성 점수,작업 완료율 80% 이상,필수,1단계
사용성,USE-002,모바일 반응성,사이트가 모바일 기기에서 잘 작동해야 함,모바일 호환성,100% 모바일 반응형,필수,1단계
사용성,USE-003,접근성 준수,사이트가 장애를 가진 사용자에게 접근 가능해야 함,접근성 표준,WCAG 2.1 AA,권장,2단계
사용성,USE-004,크로스 브라우저 호환성,사이트가 다양한 브라우저에서 작동해야 함,브라우저 지원,Chrome Firefox Safari Edge,필수,1단계
사용성,USE-005,키보드 내비게이션,사이트가 키보드를 통해 완전히 탐색 가능해야 함,내비게이션 커버리지,100% 키보드 접근 가능,권장,2단계
신뢰성,REL-001,데이터 일관성,데이터가 시스템 전반에서 일관성을 유지해야 함,데이터 무결성,100% ACID 준수,필수,1단계
신뢰성,REL-002,오류 복구,시스템이 오류를 우아하게 처리하고 복구해야 함,오류 처리,우아한 성능 저하,필수,2단계
신뢰성,REL-003,트랜잭션 신뢰성,데이터베이스 트랜잭션이 신뢰할 수 있어야 함,트랜잭션 성공률,99.9% 이상,필수,1단계
유지보수성,MAINT-001,코드 품질,코드가 품질 표준을 충족해야 함,코드 품질 점수,SonarQube B+ 등급,필수,1단계
유지보수성,MAINT-002,테스트 커버리지,코드가 포괄적인 테스트 커버리지를 가져야 함,테스트 커버리지,80% 이상,필수,1단계
유지보수성,MAINT-003,문서화,시스템이 잘 문서화되어야 함,문서 커버리지,모든 공개 API 100%,필수,1단계
유지보수성,MAINT-004,로깅,시스템이 포괄적인 로깅을 제공해야 함,로그 커버리지,모든 중요 작업,필수,1단계